AAHED AALII AARGH ABACA ABACI ABACK ABAFT ABAKA ABAMP ABASE ABASH ABATE ABBAS ABBES ABBEY ABBOT ABEAM ABELE ABETS ABHOR ABIDE ABLER ABLES ABMHO ABODE ABOHM ABOIL ABOMA ABOON ABORT ABOUT ABOVE ABRIS ABUSE ABUTS ABUZZ ABYES ABYSM ABYSS ACARI ACERB ACETA ACHED ACHES ACHOO ACIDS ACIDY ACING ACINI ACKEE ACMES ACMIC ACNED ACNES ACOCK ACOLD ACORN ACRED ACRES ACRID ACTED ACTIN ACTOR ACUTE ACYLS ADAGE ADAPT ADDAX ADDED ADDER ADDLE ADEEM ADEPT ADIEU ADIOS ADITS ADMAN ADMEN ADMIT ADMIX ADOBE ADOBO ADOPT ADORE ADORN ADOWN ADOZE ADULT ADUNC ADUST ADYTA ADZES AECIA AEDES AEGIS AEONS AERIE AFARS AFFIX AFIRE AFOOT AFORE AFOUL AFRIT AFTER AGAIN AGAMA AGAPE AGARS AGATE AGAVE AGAZE AGENE AGENT AGERS AGGER AGGIE AGGRO AGHAS AGILE AGING AGIOS AGISM AGIST AGLEE AGLET AGLEY AGLOW AGMAS AGONE AGONS AGONY AGORA AGREE AGRIA AGUES AHEAD AHOLD AHULL AIDED AIDER AIDES AILED AIMED AIMER AIOLI AIRED AIRER AIRNS AIRTH AIRTS AISLE AITCH AIVER AJIVA AJUGA AKEES AKELA AKENE ALACK ALAMO ALAND ALANE ALANG ALANS ALANT ALARM ALARY ALATE ALBAS ALBUM ALCID ALDER ALDOL ALECS ALEFS ALEPH ALERT ALFAS ALGAE ALGAL ALGAS ALGID ALGIN ALGOR ALGUM ALIAS ALIBI ALIEN ALIFS ALIGN ALIKE ALINE ALIST ALIVE ALIYA ALKYD ALKYL ALLAY ALLEE ALLEY ALLOD ALLOT ALLOW ALLOY ALLYL ALMAH ALMAS ALMEH ALMES ALMUD ALMUG ALOES ALOFT ALOHA ALOIN ALONE ALONG ALOOF ALOUD ALPHA ALTAR ALTER ALTHO ALTOS ALULA ALUMS ALWAY AMAHS AMAIN AMASS AMAZE AMBER AMBIT AMBLE AMBOS AMBRY AMEBA AMEER AMEND AMENS AMENT AMIAS AMICE AMICI AMIDE AMIDO AMIDS AMIES AMIGA AMIGO AMINE AMINO AMINS AMIRS AMISS AMITY AMMOS AMNIA AMNIC AMOKS AMOLE AMONG AMORT AMOUR AMPLE AMPLY AMPUL AMUCK AMUSE AMYLS ANCON ANEAR ANELE ANENT ANGAS ANGEL ANGER ANGLE ANGRY ANGST ANILE ANILS ANIMA ANIME ANIMI ANION ANISE ANKHS ANKLE ANKUS ANLAS ANNAL ANNAS ANNEX ANNOY ANNUL ANOAS ANODE ANOLE ANOMY ANSAE ANTAE ANTAS ANTED ANTES ANTIC ANTIS ANTRA ANTRE ANTSY ANVIL AORTA APACE APART APEAK APEEK APERS APERY APHID APHIS APIAN APING APISH APNEA APODS APORT APPAL APPEL APPLE APPLY APRES APRON APSES APSIS APTER APTLY AQUAE AQUAS ARAKS ARBOR ARCED ARCUS ARDEB ARDOR AREAE AREAL AREAS ARECA AREIC ARENA ARETE ARGAL ARGIL ARGLE ARGOL ARGON ARGOT ARGUE ARGUS ARHAT ARIAS ARIEL ARILS ARISE ARLES ARMED ARMER ARMET ARMOR AROID AROMA AROSE ARPEN ARRAS ARRAY ARRIS ARROW ARSES ARSIS ARSON ARTAL ARTEL ARTSY ARUMS ARVAL ARVOS ARYLS ASANA ASCOT ASCUS ASDIC ASHED ASHEN ASHES ASIDE ASKED ASKER ASKEW ASKOI ASKOS ASPEN ASPER ASPIC ASPIS ASSAI ASSAY ASSES ASSET ASTER ASTIR ASYLA ATAPS ATAXY ATILT ATLAS ATMAN ATMAS ATOLL ATOMS ATOMY ATONE ATONY ATOPY ATRIA ATRIP ATTAR ATTIC AUDAD AUDIO AUDIT AUGER AUGHT AUGUR AULIC AUNTS AUNTY AURAE AURAL AURAR AURAS AUREI AURES AURIC AURIS AURUM AUTOS AUXIN AVAIL AVANT AVAST AVENS AVERS AVERT AVGAS AVIAN AVION AVISO AVOID AVOWS AWAIT AWAKE AWARD AWARE AWASH AWFUL AWING AWNED AWOKE AWOLS AXELS AXIAL AXILE AXILS AXING AXIOM AXION AXITE AXLED AXLES AXMAN AXMEN AXONE AXONS AYAHS AYINS AZANS AZIDE AZIDO AZINE AZLON AZOIC AZOLE AZONS AZOTE AZOTH AZURE BAAED BAALS BABAS BABEL BABES BABKA BABOO BABUL BABUS BACCA BACKS BACON BADDY BADGE BADLY BAFFS BAFFY BAGEL BAGGY BAHTS BAILS BAIRN BAITH BAITS BAIZA BAIZE BAKED BAKER BAKES BALAS BALDS BALDY BALED BALER BALES BALKS BALKY BALLS BALLY BALMS BALMY BALSA BANAL BANCO BANDS BANDY BANED BANES BANGS BANJO BANKS BANNS BANTY BARBE BARBS BARDE BARDS BARED BARER BARES BARFS BARGE BARIC BARKS BARKY BARMS BARMY BARNS BARNY BARON BARRE BARYE BASAL BASED BASER BASES BASIC BASIL BASIN BASIS BASKS BASSI BASSO BASSY BASTE BASTS BATCH BATED BATES BATHE BATHS BATIK BATON BATTS BATTU BATTY BAUDS BAULK BAWDS BAWDY BAWLS BAWTY BAYED BAYOU BAZAR BAZOO BEACH BEADS BEADY BEAKS BEAKY BEAMS BEAMY BEANO BEANS BEARD BEARS BEAST BEATS BEAUS BEAUT BEAUX BEBOP BECAP BECKS BEDEL BEDEW BEDIM BEECH BEEFS BEEFY BEEPS BEERS BEERY BEETS BEFIT BEFOG BEGAN BEGAT BEGET BEGIN BEGOT BEGUM BEGUN BEIGE BEIGY BEING BELAY BELCH BELGA BELIE BELLE BELLS BELLY BELOW BELTS BEMAS BEMIX BENCH BENDS BENDY BENES BENNE BENNI BENNY BENTS BERET BERGS BERME BERMS BERRY BERTH BERYL BESET BESOM BESOT BESTS BETAS BETEL BETHS BETON BETTA BEVEL BEVOR BEWIG BEZEL BEZIL BHANG BHOOT BHUTS BIALI BIALY BIBBS BIBLE BICES BIDDY BIDED BIDER BIDES BIDET BIELD BIERS BIFFS BIFFY BIFID BIGHT BIGLY BIGOT BIJOU BIKED BIKER BIKES BIKIE BILBO BILES BILGE BILGY BILKS BILLS BILLY BIMAH BIMAS BIMBO BINAL BINDI BINDS BINES BINGE BINGO BINIT BINTS BIOME BIONT BIOTA BIPED BIPOD BIRCH BIRDS BIRKS BIRLE BIRLS BIRRS BIRSE BIRTH BISES BISKS BISON BITCH BITER BITES BITSY BITTS BITTY BIZES BLABS BLACK BLADE BLAHS BLAIN BLAME BLAMS BLAND BLANK BLARE BLASE BLAST BLATE BLATS BLAWN BLAWS BLAZE BLEAK BLEAR BLEAT BLEBS BLEED BLEEP BLEND BLENT BLESS BLEST BLETS BLIMP BLIMY BLIND BLINI BLINK BLIPS BLISS BLITE BLITZ BLOAT BLOBS BLOCK BLOCS BLOKE BLOND BLOOD BLOOM BLOOP BLOTS BLOWN BLOWS BLOWY BLUBS BLUED BLUER BLUES BLUET BLUEY BLUFF BLUME BLUNT BLURB BLURS BLURT BLUSH BLYPE BOARD BOARS BOART BOAST BOATS BOBBY BOCCE BOCCI BOCHE BOCKS BODED BODES BOFFO BOFFS BOGAN BOGEY BOGGY BOGIE BOGLE BOGUS BOHEA BOILS BOING BOITE BOLAR BOLAS BOLDS BOLES BOLLS BOLOS BOLTS BOLUS BOMBE BOMBS BONDS BONED BONER BONES BONEY BONGO BONGS BONKS BONNE BONNY BONUS BONZE BOOBS BOOBY BOOED BOOGY BOOKS BOOMS BOOMY BOONS BOORS BOOST BOOTH BOOTS BOOTY BOOZE BOOZY BORAL BORAS BORAX BORED BORER BORES BORIC BORNE BORON BORTS BORTY BORTZ BOSKS BOSKY BOSOM BOSON BOSSY BOSUN BOTAS BOTCH BOTEL BOTHY BOTTS BOUGH BOULE BOUND BOURG BOURN BOUSE BOUSY BOUTS BOVID BOWED BOWEL BOWER BOWLS BOWSE BOXED BOXER BOXES BOYAR BOYLA BOYOS BOZOS BRACE BRACH BRACT BRADS BRAES BRAGS BRAID BRAIL BRAIN BRAKE BRAKY BRAND BRANK BRANS BRANT BRASH BRASS BRATS BRAVA BRAVE BRAVI BRAVO BRAWL BRAWN BRAWS BRAXY BRAYS BRAZA BRAZE BREAD BREAK BREAM BREDE BREED BREES BRENS BRENT BREVE BREWS BRIAR BRIBE BRICK BRIDE BRIEF BRIER BRIES BRIGS BRILL BRIMS BRINE BRING BRINK BRINS BRINY BRIOS BRISK BRITS BRITT BROAD BROCK BROIL BROKE BROME BROMO BRONC BROOD BROOK BROOM BROOS BROSE BROSY BROTH BROWN BROWS BRUGH BRUIN BRUIT BRUME BRUNT BRUSH BRUSK BRUTE BUBAL BUBBY BUCKO BUCKS BUDDY BUDGE BUFFI BUFFO BUFFS BUFFY BUGGY BUGLE BUHLS BUHRS BUILD BUILT BULBS BULGE BULGY BULKS BULKY BULLA BULLS BULLY BUMFS BUMPH BUMPS BUMPY BUNCH BUNCO BUNDS BUNDT BUNGS BUNKO BUNKS BUNNS BUNNY BUNTS BUNYA BUOYS BURAN BURAS BURBS BURDS BURET BURGH BURGS BURIN BURKE BURLS BURLY BURNS BURNT BURPS BURRO BURRS BURRY BURSA BURSE BURST BUSBY BUSED BUSES BUSHY BUSKS BUSTS BUSTY BUTCH BUTEO BUTLE BUTTE BUTTS BUTTY BUTUT BUTYL BUXOM BUYER BWANA BYLAW BYRES BYRLS BYSSI BYTES BYWAY CABAL CABBY CABER CABIN CABLE CABOB CACAO CACAS CACHE CACTI CADDY CADES CADET CADGE CADGY CADIS CADRE CAECA CAFES CAFFS CAGED CAGER CAGES CAGEY CAHOW CAIDS CAINS CAIRD CAIRN CAJON CAKED CAKES CAKEY CALFS CALIF CALIX CALKS CALLA CALLS CALMS CALVE CALYX CAMAS CAMEL CAMEO CAMES CAMPI CAMPO CAMPS CAMPY CANAL CANDY CANED CANER CANES CANID CANNA CANNY CANOE CANON CANSO CANST CANTO CANTS CANTY CAPED CAPER CAPES CAPHS CAPON CAPOS CAPUT CARAT CARBO CARBS CARDS CARED CARER CARES CARET CAREX CARGO CARKS CARLE CARLS CARNS CARNY CAROB CAROL CAROM CARPI CARPS CARRS CARRY CARSE CARTE CARTS CARVE CASAS CASED CASES CASKS CASKY CASTE CASTS CASUS CATCH CATER CATES CATTY CAULD CAULK CAULS CAUSE CAVED CAVER CAVES CAVIE CAVIL CAWED CEASE CEBID CECAL CECUM CEDAR CEDED CEDER CEDES CEDIS CEIBA CEILS CELEB CELLA CELLI CELLO CELLS CELOM CELTS CENSE CENTO CENTS CEORL CEPES CERCI CERED CERES CERIA CERIC CEROS CESTA CESTI CETES CHADS CHAFE CHAFF CHAIN CHAIR CHALK CHAMP CHAMS CHANG CHANT CHAOS CHAPE CHAPS CHAPT CHARD CHARE CHARK CHARM CHARR CHARS CHART CHARY CHASE CHASM CHATS CHAWS CHAYS CHEAP CHEAT CHECK CHEEK CHEEP CHEER CHEFS CHELA CHEMO CHERT CHESS CHEST CHETH CHEVY CHEWS CHEWY CHIAO CHIAS CHICK CHICO CHICS CHIDE CHIEF CHIEL CHILD CHILE CHILI CHILL CHIMB CHIME CHIMP CHINA CHINE CHINK CHINO CHINS CHIPS CHIRK CHIRM CHIRO CHIRP CHIRR CHITS CHIVE CHIVY CHOCK CHOIR CHOKE CHOKY CHOLO CHOMP CHOOK CHOPS CHORD CHORE CHOSE CHOTT CHOWS CHUBS CHUCK CHUFA CHUFF CHUGS CHUMP CHUMS CHUNK CHURL CHURN CHURR CHUTE CHYLE CHYME CIBOL CIDER CIGAR CILIA CIMEX CINCH CINES CIONS CIRCA CIRES CIRRI CISCO CISSY CISTS CITED CITER CITES CIVET CIVIC CIVIE CIVIL CIVVY CLACH CLACK CLADE CLADS CLAGS CLAIM CLAMP CLAMS CLANG CLANK CLANS CLAPS CLAPT CLARO CLARY CLASH CLASP CLASS CLAST CLAVE CLAVI CLAWS CLAYS CLEAN CLEAR CLEAT CLEEK CLEFS CLEFT CLEPE CLEPT CLERK CLEWS CLICK CLIFF CLIFT CLIMB CLIME CLINE CLING CLINK CLIPS CLIPT CLOAK CLOCK CLODS CLOGS CLOMB CLOMP CLONE CLONK CLONS CLOOT CLOPS CLOSE CLOTH CLOTS CLOUD CLOUR CLOUT CLOVE CLOWN CLOYS CLOZE CLUBS CLUCK CLUED CLUES CLUMP CLUNG CLUNK COACH COACT COALA COALS COALY COAPT COAST COATI COATS COBBS COBBY COBIA COBLE COBRA COCAS COCCI COCKS COCKY COCOA COCOS CODAS CODEC CODED CODEN CODER CODES CODEX CODON COEDS COFFS COGON COHOG COHOS COIFS COIGN COILS COINS COIRS COKED COKES COLAS COLDS COLED COLES COLIC COLIN COLLY COLOG COLON COLOR COLTS COLZA COMAE COMAL COMAS COMBE COMBO COMBS COMER COMES COMET COMFY COMIC COMIX COMMA COMMY COMPO COMPS COMPT COMTE CONCH CONDO CONED CONES CONEY CONGA CONGE CONGO CONIC CONIN CONKS CONKY CONNS CONTE CONTO CONUS COOCH COOED COOEE COOER COOEY COOFS COOKS COOKY COOLS COOLY COOMB COONS COOPS COOPT COOTS COPAL COPED COPEN COPER COPES COPRA COPSE CORAL CORBY CORDS CORED CORER CORES CORGI CORIA CORKS CORKY CORMS CORNS CORNU CORNY CORPS CORSE COSEC COSES COSET COSEY COSIE COSTA COSTS COTAN COTED COTES COTTA COUCH COUDE COUGH COULD COUNT COUPE COUPS COURT COUTH COVED COVEN COVER COVES COVET COVEY COVIN COWED COWER COWLS COWRY COXAE COXAL COXED COXES COYED COYER COYLY COYPU COZEN COZES COZEY COZIE CRAAL CRABS CRACK CRAFT CRAGS CRAKE CRAMP CRAMS CRANE CRANK CRAPE CRAPS CRASH CRASS CRATE CRAVE CRAWL CRAWS CRAZE CRAZY CREAK CREAM CREDO CREED CREEK CREEL CREEP CREME CREPE CREPT CREPY CRESS CREST CREWS CRIBS CRICK CRIED CRIER CRIES CRIME CRIMP CRIPE CRISP CROAK CROCI CROCK CROCS CROFT CRONE CRONY CROOK CROON CROPS CRORE CROSS CROUP CROWD CROWN CROWS CROZE CRUCK CRUDE CRUDS CRUEL CRUET CRUMB CRUMP CRUOR CRURA CRUSE CRUSH CRUST CRWTH CRYPT CUBBY CUBEB CUBED CUBER CUBES CUBIC CUBIT CUDDY CUFFS CUIFS CUING CUISH CUKES CULCH CULET CULEX CULLS CULLY CULMS CULPA CULTI CULTS CUMIN CUNTS CUPEL CUPID CUPPA CUPPY CURBS CURCH CURDS CURDY CURED CURER CURES CURET CURFS CURIA CURIE CURIO CURLS CURLY CURNS CURRS CURRY CURSE CURST CURVE CURVY CUSEC CUSHY CUSKS CUSPS CUSSO CUTCH CUTER CUTES CUTEY CUTIE CUTIN CUTIS CUTTY CUTUP CYANO CYANS CYCAD CYCAS CYCLE CYCLO CYDER CYLIX CYMAE CYMAR CYMAS CYMES CYMOL CYNIC CYSTS CYTON CZARS DACES DACHA DADAS DADDY DADOS DAFFS DAFFY DAGGA DAGOS DAHLS DAILY DAIRY DAISY DALES DALLY DAMAN DAMAR DAMES DAMNS DAMPS DANCE DANDY DANGS DANIO DARBS DARED DARER DARES DARIC DARKS DARKY DARNS DARTS DASHI DASHY DATED DATER DATES DATOS DATTO DATUM DAUBE DAUBS DAUBY DAUNT DAUTS DAVEN DAVIT DAWED DAWEN DAWKS DAWNS DAWTS DAZED DAZES DEADS DEAIR DEALS DEALT DEANS DEARS DEARY DEASH DEATH DEAVE DEBAR DEBIT DEBTS DEBUG DEBUT DEBYE DECAF DECAL DECAY DECKS DECOR DECOS DECOY DECRY DEDAL DEEDS DEEDY DEEMS DEEPS DEERS DEETS DEFAT DEFER DEFIS DEFOG DEGAS DEGUM DEICE DEIFY DEIGN DEILS DEISM DEIST DEITY DEKED DEKES DEKKO DELAY DELED DELES DELFS DELFT DELIS DELLS DELLY DELTA DELVE DEMES DEMIT DEMOB DEMON DEMOS DEMUR DENES DENIM DENSE DENTS DEOXY DEPOT DEPTH DERAT DERAY DERBY DERMA DERMS DERRY DESEX DESKS DETER DETOX DEUCE DEVAS DEVEL DEVIL DEVON DEWAN DEWAR DEWAX DEWED DEXES DEXIE DHAKS DHALS DHOBI DHOLE DHOTI DHOWS DHUTI DIALS DIARY DIAZO DICED DICER DICES DICEY DICKS DICKY DICOT DICTA DICTY DIDIE DIDOS DIDST DIENE DIETS DIGHT DIGIT DIKED DIKER DIKES DIKEY DILDO DILLS DILLY DIMER DIMES DIMLY DINAR DINED DINER DINES DINGE DINGO DINGS DINGY DINKS DINKY DINTS DIODE DIOLS DIPPY DIPSO DIRER DIRGE DIRKS DIRLS DIRTS DIRTY DISCI DISCO DISCS DISHY DISKS DISME DITAS DITCH DITES DITSY DITTO DITTY DITZY DIVAN DIVAS DIVED DIVER DIVES DIVOT DIVVY DIWAN DIXIT DIZEN DIZZY DJINN DJINS DOATS DOBBY DOBIE DOBLA DOBRA DOCKS DODGE DODGY DODOS DOERS DOEST DOETH DOFFS DOGES DOGEY DOGGO DOGGY DOGIE DOGMA DOILY DOING DOITS DOJOS DOLCE DOLCI DOLED DOLES DOLLS DOLLY DOLMA DOLOR DOLTS DOMAL DOMED DOMES DOMIC DONAS DONEE DONGA DONGS DONNA DONNE DONOR DONSY DONUT DOOLY DOOMS DOOMY DOORS DOOZY DOPAS DOPED DOPER DOPES DOPEY DORKS DORKY DORMS DORMY DORPS DORRS DORSA DORTY DOSED DOSER DOSES DOTAL DOTED DOTER DOTES DOTTY DOUBT DOUCE DOUGH DOUMA DOUMS DOURA DOUSE DOVEN DOVES DOWDY DOWED DOWEL DOWER DOWIE DOWNS DOWNY DOWRY DOWSE DOXIE DOYEN DOYLY DOZED DOZEN DOZER DOZES DRABS DRAFF DRAFT DRAGS DRAIL DRAIN DRAKE DRAMA DRAMS DRANK DRAPE DRATS DRAVE DRAWL DRAWN DRAWS DRAYS DREAD DREAM DREAR DRECK DREED DREES DREGS DREKS DRESS DREST DRIBS DRIED DRIER DRIES DRIFT DRILL DRILY DRINK DRIPS DRIPT DRIVE DROIT DROLL DRONE DROOL DROOP DROPS DROPT DROSS DROUK DROVE DROWN DRUBS DRUGS DRUID DRUMS DRUNK DRUPE DRUSE DRYAD DRYER DRYLY DUADS DUALS DUCAL DUCAT DUCES DUCHY DUCKS DUCKY DUCTS DUDDY DUDED DUDES DUELS DUETS DUFFS DUITS DUKED DUKES DULIA DULLS DULLY DULSE DUMAS DUMBS DUMKA DUMKY DUMMY DUMPS DUMPY DUNAM DUNCE DUNCH DUNES DUNGS DUNGY DUNKS DUNTS DUOMI DUOMO DUPED DUPER DUPES DUPLE DURAL DURAS DURED DURES DURNS DUROC DUROS DURRA DURRS DURST DURUM DUSKS DUSKY DUSTS DUSTY DUTCH DUVET DWARF DWEEB DWELL DWELT DWINE DYADS DYERS DYING DYKED DYKES DYKEY DYNEL DYNES EAGER EAGLE EAGRE EARED EARLS EARLY EARNS EARTH EASED EASEL EASES EASTS EATEN EATER EAVED EAVES EBBED EBBET EBONS EBONY ECHED ECHES ECHOS ECLAT ECRUS EDEMA EDGED EDGER EDGES EDICT EDIFY EDILE EDITS EDUCE EDUCT EERIE EGADS EGERS EGEST EGGAR EGGED EGGER EGRET EIDER EIDOS EIGHT EIKON EJECT EKING ELAIN ELAND ELANS ELATE ELBOW ELDER ELECT ELEGY ELEMI ELFIN ELIDE ELINT ELITE ELOIN ELOPE ELUDE ELUTE ELVER ELVES EMBAR EMBAY EMBED EMBER EMBOW EMCEE EMEER EMEND EMERY EMEUS EMIRS EMITS EMMER EMMET EMOTE EMPTY EMYDE EMYDS ENACT ENATE ENDED ENDER ENDOW ENDUE ENEMA ENEMY ENJOY ENNUI ENOKI ENOLS ENORM ENOWS ENROL ENSKY ENSUE ENTER ENTIA ENTRY ENURE ENVOI ENVOY ENZYM EOSIN EPACT EPEES EPHAH EPHAS EPHOD EPHOR EPICS EPOCH EPODE EPOXY EQUAL EQUID EQUIP ERASE ERECT ERGOT ERICA ERNES ERODE EROSE ERRED ERROR ERSES ERUCT ERUGO ERUPT ERVIL ESCAR ESCOT ESKAR ESKER ESSAY ESSES ESTER ESTOP ETAPE ETHER ETHIC ETHOS ETHYL ETNAS ETUDE ETUIS ETWEE ETYMA EUROS EVADE EVENS EVENT EVERT EVERY EVICT EVILS EVITE EVOKE EWERS EXACT EXALT EXAMS EXCEL EXECS EXERT EXILE EXINE EXIST EXITS EXONS EXPAT EXPEL EXPOS EXTOL EXTRA EXUDE EXULT EXURB EYERS EYING EYRAS EYRES EYRIE EYRIR FABLE FACED FACER FACES FACET FACIA FACTS FADDY FADED FADER FADES FADGE FADOS FAENA FAERY FAGGY FAGIN FAGOT FAILS FAINT FAIRS FAIRY FAITH FAKED FAKER FAKES FAKEY FAKIR FALLS FALSE FAMED FAMES FANCY FANES FANGA FANGS FANNY FANON FANOS FANUM FAQIR FARAD FARCE FARCI FARCY FARDS FARED FARER FARES FARLE FARLS FARMS FAROS FARTS FASTS FATAL FATED FATES FATLY FATSO FATTY FATWA FAUGH FAULD FAULT FAUNA FAUNS FAUVE FAVAS FAVES FAVOR FAVUS FAWNS FAWNY FAXED FAXES FAYED FAZED FAZES FEARS FEASE FEAST FEATS FEAZE FECAL FECES FECKS FEEDS FEELS FEEZE FEIGN FEINT FEIST FELID FELLA FELLS FELLY FELON FELTS FEMES FEMME FEMUR FENCE FENDS FENNY FEODS FEOFF FERAL FERES FERIA FERLY FERMI FERNS FERNY FERRY FESSE FETAL FETAS FETCH FETED FETES FETID FETOR FETUS FEUAR FEUDS FEUED FEVER FEWER FEYER FEYLY FEZES FIARS FIATS FIBER FIBRE FICES FICHE FICHU FICIN FICUS FIDGE FIDOS FIEFS FIELD FIEND FIERY FIFED FIFER FIFES FIFTH FIFTY FIGHT FILAR FILCH FILED FILER FILES FILET FILLE FILLO FILLS FILLY FILMS FILMY FILOS FILTH FILUM FINAL FINCH FINDS FINED FINER FINES FINIS FINKS FINNY FINOS FIORD FIQUE FIRED FIRER FIRES FIRMS FIRNS FIRRY FIRST FIRTH FISCS FISHY FISTS FITCH FITLY FIVER FIVES FIXED FIXER FIXES FIXIT FIZZY FJELD FJORD FLABS FLACK FLAGS FLAIL FLAIR FLAKE FLAKY FLAME FLAMS FLAMY FLANK FLANS FLAPS FLARE FLASH FLASK FLATS FLAWS FLAWY FLAXY FLAYS FLEAM FLEAS FLECK FLEER FLEES FLEET FLESH FLEWS FLEYS FLICK FLICS FLIED FLIER FLIES FLING FLINT FLIPS FLIRT FLITE FLITS FLOAT FLOCK FLOCS FLOES FLOGS FLONG FLOOD FLOOR FLOPS FLORA FLOSS FLOTA FLOUR FLOUT FLOWN FLOWS FLUBS FLUED FLUES FLUFF FLUID FLUKE FLUKY FLUME FLUMP FLUNG FLUNK FLUOR FLUSH FLUTE FLUTY FLUYT FLYBY FLYER FLYTE FOALS FOAMS FOAMY FOCAL FOCUS FOEHN FOGEY FOGGY FOGIE FOHNS FOILS FOINS FOIST FOLDS FOLIA FOLIO FOLKS FOLKY FOLLY FONDS FONDU FONTS FOODS FOOLS FOOTS FOOTY FORAM FORAY FORBS FORBY FORCE FORDO FORDS FORES FORGE FORGO FORKS FORKY FORME FORMS FORTE FORTH FORTS FORTY FORUM FOSSA FOSSE FOULS FOUND FOUNT FOURS FOVEA FOWLS FOXED FOXES FOYER FRAGS FRAIL FRAME FRANC FRANK FRAPS FRASS FRATS FRAUD FRAYS FREAK FREED FREER FREES FREMD FRENA FRERE FRESH FRETS FRIAR FRIED FRIER FRIES FRIGS FRILL FRISE FRISK FRITH FRITS FRITT FRITZ FRIZZ FROCK FROES FROGS FROND FRONS FRONT FRORE FROSH FROST FROTH FROWN FROWS FROZE FRUGS FRUIT FRUMP FRYER FUBSY FUCKS FUCUS FUDGE FUELS FUGAL FUGGY FUGIO FUGLE FUGUE FUGUS FUJIS FULLS FULLY FUMED FUMER FUMES FUMET FUNDI FUNDS FUNGI FUNGO FUNKS FUNKY FUNNY FURAN FURLS FUROR FURRY FURZE FURZY FUSED FUSEE FUSEL FUSES FUSIL FUSSY FUSTY FUTON FUZED FUZEE FUZES FUZIL FUZZY FYCES FYKES FYTTE GABBY GABLE GADDI GADID GADIS GAFFE GAFFS GAGED GAGER GAGES GAILY GAINS GAITS GALAH GALAS GALAX GALEA GALES GALLS GALLY GALOP GAMAS GAMAY GAMBA GAMBE GAMBS GAMED GAMER GAMES GAMEY GAMIC GAMIN GAMMA GAMMY GAMPS GAMUT GANEF GANEV GANGS GANJA GANOF GAOLS GAPED GAPER GAPES GAPPY GARBS GARNI GARTH GASES GASPS GASSY GASTS GATED GATES GATOR GAUDS GAUDY GAUGE GAULT GAUMS GAUNT GAURS GAUSS GAUZE GAUZY GAVEL GAVOT GAWKS GAWKY GAWPS GAWSY GAYAL GAYER GAYLY GAZAR GAZED GAZER GAZES GEARS GECKO GECKS GEEKS GEEKY GEESE GEEST GELDS GELEE GELID GELTS GEMMA GEMMY GEMOT GENES GENET GENIC GENIE GENII GENIP GENOA GENOM GENRE GENRO GENTS GENUA GENUS GEODE GEOID GERAH GERMS GERMY GESSO GESTE GESTS GETAS GETUP GEUMS GHAST GHATS GHAUT GHAZI GHEES GHOST GHOUL GHYLL GIANT GIBED GIBER GIBES GIDDY GIFTS GIGAS GIGHE GIGOT GIGUE GILDS GILLS GILLY GILTS GIMEL GIMME GIMPS GIMPY GINKS GINNY GIPON GIPSY GIRDS GIRLS GIRLY GIRNS GIRON GIROS GIRSH GIRTH GIRTS GISMO GISTS GIVEN GIVER GIVES GIZMO GLACE GLADE GLADS GLADY GLAIR GLAND GLANS GLARE GLARY GLASS GLAZE GLAZY GLEAM GLEAN GLEBA GLEBE GLEDE GLEDS GLEED GLEEK GLEES GLEET GLENS GLEYS GLIAL GLIAS GLIDE GLIFF GLIME GLIMS GLINT GLITZ GLOAM GLOAT GLOBE GLOBS GLOGG GLOMS GLOOM GLOPS GLORY GLOSS GLOST GLOUT GLOVE GLOWS GLOZE GLUED GLUER GLUES GLUEY GLUGS GLUME GLUON GLUTS GLYPH GNARL GNARR GNARS GNASH GNATS GNAWN GNAWS GNOME GOADS GOALS GOATS GOBAN GOBOS GODET GODLY GOERS GOFER GOGOS GOING GOLDS GOLEM GOLFS GOLLY GOMBO GONAD GONEF GONER GONGS GONIA GONIF GONOF GONZO GOODS GOODY GOOEY GOOFS GOOFY GOOKS GOOKY GOONS GOONY GOOPS GOOPY GOOSE GOOSY GORAL GORED GORES GORGE GORPS GORSE GORSY GOUGE GOURD GOUTS GOUTY GOWAN GOWDS GOWKS GOWNS GOXES GOYIM GRAAL GRABS GRACE GRADE GRADS GRAFT GRAIL GRAIN GRAMA GRAMP GRAMS GRANA GRAND GRANS GRANT GRAPE GRAPH GRAPY GRASP GRASS GRATE GRAVE GRAVY GRAYS GRAZE GREAT GREBE GREED GREEK GREEN GREES GREET GREGO GREYS GRIDE GRIDS GRIEF GRIFF GRIFT GRIGS GRILL GRIME GRIMY GRIND GRINS GRIOT GRIPE GRIPS GRIPT GRIPY GRIST GRITH GRITS GROAN GROAT GROGS GROIN GROOM GROPE GROSS GROSZ GROTS GROUP GROUT GROVE GROWL GROWN GROWS GRUBS GRUEL GRUES GRUFF GRUME GRUMP GRUNT GUACO GUANO GUANS GUARD GUARS GUAVA GUCKS GUDES GUESS GUEST GUFFS GUIDE GUIDS GUILD GUILE GUILT GUIRO GUISE GULAG GULAR GULCH GULES GULFS GULFY GULLS GULLY GULPS GULPY GUMBO GUMMA GUMMY GUNKS GUNKY GUNNY GUPPY GURGE GURRY GURSH GURUS GUSHY GUSSY GUSTO GUSTS GUSTY GUTSY GUTTA GUTTY GUYED GUYOT GYBED GYBES GYPSY GYRAL GYRED GYRES GYRON GYROS GYRUS GYVED GYVES HAAFS HAARS HABIT HABUS HACEK HACKS HADAL HADED HADES HADJI HADST HAEMS HAETS HAFIS HAFIZ HAFTS HAHAS HAIKA HAIKS HAIKU HAILS HAIRS HAIRY HAJES HAJIS HAJJI HAKES HAKIM HALED HALER HALES HALID HALLO HALLS HALMA HALMS HALOS HALTS HALVA HALVE HAMAL HAMES HAMMY HAMZA HANCE HANDS HANDY HANGS HANKS HANKY HANSA HANSE HANTS HAOLE HAPAX HAPLY HAPPY HARDS HARDY HARED HAREM HARES HARKS HARLS HARMS HARPS HARPY HARRY HARSH HARTS HASPS HASTE HASTY HATCH HATED HATER HATES HAUGH HAULM HAULS HAUNT HAUTE HAVEN HAVER HAVES HAVOC HAWED HAWKS HAWSE HAYED HAYER HAZAN HAZED HAZEL HAZER HAZES HEADS HEADY HEALS HEAPS HEARD HEARS HEART HEATH HEATS HEAVE HEAVY HEBES HECKS HEDER HEDGE HEDGY HEEDS HEELS HEEZE HEFTS HEFTY HEIGH HEILS HEIRS HEIST HELIO HELIX HELLO HELLS HELMS HELOS HELOT HELPS HELVE HEMAL HEMES HEMIC HEMIN HEMPS HEMPY HENCE HENNA HENRY HENTS HERBS HERBY HERDS HERES HERLS HERMA HERMS HERNS HERON HEROS HERRY HERTZ HESTS HETHS HEUCH HEUGH HEWED HEWER HEXAD HEXED HEXER HEXES HEXYL HICKS HIDED HIDER HIDES HIGHS HIGHT HIKED HIKER HIKES HILAR HILLO HILLS HILLY HILTS HILUM HILUS HINDS HINGE HINNY HINTS HIPPO HIPPY HIRED HIRER HIRES HISSY HISTS HITCH HIVED HIVES HOAGY HOARD HOARS HOARY HOBBY HOBOS HOCKS HOCUS HODAD HOERS HOGAN HOGGS HOICK HOISE HOIST HOKED HOKES HOKEY HOKKU HOKUM HOLDS HOLED HOLES HOLEY HOLKS HOLLA HOLLO HOLLY HOLMS HOLTS HOMED HOMER HOMES HOMEY HOMOS HONAN HONDA HONED HONER HONES HONEY HONGS HONKS HONKY HONOR HOOCH HOODS HOODY HOOEY HOOFS HOOKA HOOKS HOOKY HOOLY HOOPS HOOTS HOOTY HOPED HOPER HOPES HOPPY HORAH HORAL HORAS HORDE HORNS HORNY HORSE HORST HORSY HOSED HOSEL HOSEN HOSES HOSTA HOSTS HOTCH HOTEL HOTLY HOUND HOURI HOURS HOUSE HOVEL HOVER HOWDY HOWES HOWFF HOWFS HOWKS HOWLS HOYAS HOYLE HUBBY HUCKS HUFFS HUFFY HUGER HULAS HULKS HULKY HULLO HULLS HUMAN HUMIC HUMID HUMOR HUMPH HUMPS HUMPY HUMUS HUNCH HUNKS HUNKY HUNTS HURDS HURLS HURLY HURRY HURST HURTS HUSKS HUSKY HUSSY HUTCH HUZZA HYDRA HYDRO HYENA HYING HYLAS HYMEN HYMNS HYOID HYPED HYPER HYPES HYPHA HYPOS HYRAX HYSON IAMBI IAMBS ICHOR ICIER ICILY ICING ICKER ICONS ICTIC ICTUS IDEAL IDEAS IDIOM IDIOT IDLED IDLER IDLES IDOLS IDYLL IDYLS IGLOO IGLUS IHRAM IKATS IKONS ILEAC ILEAL ILEUM ILEUS ILIAC ILIAD ILIAL ILIUM ILLER IMAGE IMAGO IMAMS IMAUM IMBED IMBUE IMIDE IMIDO IMIDS IMINE IMINO IMMIX IMPED IMPEL IMPIS IMPLY INANE INAPT INARM INBYE INCOG INCUR INCUS INDEX INDIE INDOL INDOW INDRI INDUE INEPT INERT INFER INFIX INFOS INFRA INGLE INGOT INION INKED INKER INKLE INLAY INLET INNED INNER INPUT INSET INTER INTIS INTRO INURE INURN INVAR IODIC IODID IODIN IONIC IOTAS IRADE IRATE IRIDS IRING IRKED IROKO IRONE IRONS IRONY ISBAS ISLED ISLES ISLET ISSEI ISSUE ISTLE ITCHY ITEMS ITHER IVIED IVIES IVORY IXIAS IXORA IXTLE IZARS JABOT JACAL JACKS JACKY JADED JADES JAGER JAGGS JAGGY JAGRA JAILS JAKES JALAP JALOP JAMBE JAMBS JAMMY JANES JANTY JAPAN JAPED JAPER JAPES JARLS JATOS JAUKS JAUNT JAUPS JAVAS JAWAN JAWED JAZZY JEANS JEBEL JEEPS JEERS JEFES JEHAD JEHUS JELLS JELLY JEMMY JENNY JERID JERKS JERKY JERRY JESSE JESTS JETES JETON JETTY JEWED JEWEL JIBBS JIBED JIBER JIBES JIFFS JIFFY JIHAD JILLS JILTS JIMMY JIMPY JINGO JINKS JINNI JINNS JISMS JIVED JIVER JIVES JIVEY JNANA JOCKO JOCKS JOEYS JOHNS JOINS JOINT JOIST JOKED JOKER JOKES JOKEY JOLES JOLLY JOLTS JOLTY JONES JORAM JORUM JOTAS JOTTY JOUAL JOUKS JOULE JOUST JOWAR JOWED JOWLS JOWLY JOYED JUBAS JUBES JUDAS JUDGE JUDOS JUGAL JUGUM JUICE JUICY JUJUS JUKED JUKES JULEP JUMBO JUMPS JUMPY JUNCO JUNKS JUNKY JUNTA JUNTO JUPES JUPON JURAL JURAT JUREL JUROR JUSTS JUTES JUTTY KABAB KABAR KABOB KADIS KAFIR KAGUS KAIAK KAIFS KAILS KAINS KAKAS KAKIS KALAM KALES KALIF KALPA KAMES KAMIK KANAS KANES KANJI KAONS KAPAS KAPHS KAPOK KAPPA KAPUT KARAT KARMA KARNS KAROO KARST KARTS KASHA KATAS KAURI KAURY KAVAS KAYAK KAYOS KAZOO KBARS KEBAB KEBAR KEBOB KECKS KEDGE KEEFS KEEKS KEELS KEENS KEEPS KEETS KEEVE KEFIR KEIRS KELEP KELIM KELLY KELPS KELPY KEMPS KEMPT KENAF KENCH KENDO KENOS KEPIS KERBS KERFS KERNE KERNS KERRY KETCH KETOL KEVEL KEVIL KEXES KEYED KHADI KHAFS KHAKI KHANS KHAPH KHATS KHEDA KHETH KHETS KHOUM KIANG KIBBE KIBBI KIBEI KIBES KIBLA KICKS KICKY KIDDO KIDDY KIEFS KIERS KIKES KILIM KILLS KILNS KILOS KILTS KILTY KINAS KINDS KINES KINGS KININ KINKS KINKY KINOS KIOSK KIRKS KIRNS KISSY KISTS KITED KITER KITES KITHE KITHS KITTY KIVAS KIWIS KLONG KLOOF KLUGE KLUTZ KNACK KNAPS KNARS KNAUR KNAVE KNEAD KNEED KNEEL KNEES KNELL KNELT KNIFE KNISH KNITS KNOBS KNOCK KNOLL KNOPS KNOSP KNOTS KNOUT KNOWN KNOWS KNURL KNURS KOALA KOANS KOELS KOHLS KOINE KOLAS KOLOS KONKS KOOKS KOOKY KOPEK KOPHS KOPJE KOPPA KORAI KORAT KORUN KOTOS KOTOW KRAAL KRAFT KRAIT KRAUT KREEP KRILL KRONA KRONE KROON KRUBI KUDOS KUDUS KUDZU KUGEL KUKRI KULAK KUMYS KURTA KURUS KUSSO KVASS KYACK KYAKS KYARS KYATS KYLIX KYRIE KYTES KYTHE LAARI LABEL LABIA LABOR LABRA LACED LACER LACES LACEY LACKS LADED LADEN LADER LADES LADLE LAEVO LAGAN LAGER LAHAR LAICH LAICS LAIGH LAIRD LAIRS LAITH LAITY LAKED LAKER LAKES LAKHS LALLS LAMAS LAMBS LAMBY LAMED LAMER LAMES LAMIA LAMPS LANAI LANCE LANDS LANES LANKY LAPEL LAPIN LAPIS LAPSE LARCH LARDS LARDY LAREE LARES LARGE LARGO LARIS LARKS LARKY LARUM LARVA LASED LASER LASES LASSO LASTS LATCH LATED LATEN LATER LATEX LATHE LATHI LATHS LATHY LATKE LATTE LAUAN LAUDS LAUGH LAURA LAVAS LAVED LAVER LAVES LAWED LAWNS LAWNY LAXER LAXLY LAYED LAYER LAYUP LAZAR LAZED LAZES LEACH LEADS LEADY LEAFS LEAFY LEAKS LEAKY LEANS LEANT LEAPS LEAPT LEARN LEARS LEARY LEASE LEASH LEAST LEAVE LEAVY LEBEN LEDGE LEDGY LEECH LEEKS LEERS LEERY LEETS LEFTS LEFTY LEGAL LEGER LEGES LEGGY LEGIT LEHRS LEHUA LEMAN LEMMA LEMON LEMUR LENDS LENES LENIS LENOS LENSE LENTO LEONE LEPER LEPTA LETCH LETHE LETUP LEUDS LEVEE LEVEL LEVER LEVIN LEWIS LEXES LEXIS LEZZY LIANA LIANE LIANG LIARD LIARS LIBEL LIBER LIBRA LIBRI LICHI LICHT LICIT LICKS LIDAR LIDOS LIEGE LIENS LIERS LIEUS LIEVE LIFER LIFTS LIGAN LIGER LIGHT LIKED LIKEN LIKER LIKES LILAC LILTS LIMAN LIMAS LIMBA LIMBI LIMBO LIMBS LIMBY LIMED LIMEN LIMES LIMEY LIMIT LIMNS LIMOS LIMPA LIMPS LINAC LINDY LINED LINEN LINER LINES LINEY LINGA LINGO LINGS LINGY LININ LINKS LINKY LINNS LINOS LINTS LINTY LINUM LIONS LIPID LIPIN LIPPY LIRAS LIROT LISLE LISPS LISTS LITAI LITAS LITER LITHE LITHO LITRE LIVED LIVEN LIVER LIVES LIVID LIVRE LLAMA LLANO LOACH LOADS LOAFS LOAMS LOAMY LOANS LOATH LOBAR LOBBY LOBED LOBES LOBOS LOCAL LOCHS LOCKS LOCOS LOCUM LOCUS LODEN LODES LODGE LOESS LOFTS LOFTY LOGAN LOGES LOGGY LOGIA LOGIC LOGOI LOGOS LOINS LOLLS LOLLY LONER LONGE LONGS LOOBY LOOED LOOEY LOOFA LOOFS LOOIE LOOKS LOOMS LOONS LOONY LOOPS LOOPY LOOSE LOOTS LOPED LOPER LOPES LOPPY LORAL LORAN LORDS LORES LORIS LORRY LOSEL LOSER LOSES LOSSY LOTAH LOTAS LOTIC LOTOS LOTTE LOTTO LOTUS LOUGH LOUIE LOUIS LOUPE LOUPS LOURS LOURY LOUSE LOUSY LOUTS LOVAT LOVED LOVER LOVES LOWED LOWER LOWES LOWLY LOWSE LOXED LOXES LOYAL LUAUS LUBES LUCES LUCID LUCKS LUCKY LUCRE LUDES LUDIC LUFFA LUFFS LUGED LUGER LUGES LULLS LULUS LUMEN LUMPS LUMPY LUNAR LUNAS LUNCH LUNES LUNET LUNGE LUNGI LUNGS LUNKS LUNTS LUPIN LUPUS LURCH LURED LURER LURES LURID LURKS LUSTS LUSTY LUSUS LUTEA LUTED LUTES LUXES LWEIS LYARD LYART LYASE LYCEA LYCEE LYING LYMPH LYNCH LYRES LYRIC LYSED LYSES LYSIN LYSIS LYSSA LYTIC LYTTA MAARS MABES MACAW MACED MACER MACES MACHE MACHO MACHS MACKS MACLE MACON MACRO MADAM MADLY MADRE MAFIA MAFIC MAGES MAGIC MAGMA MAGOT MAGUS MAHOE MAIDS MAILE MAILL MAILS MAIMS MAINS MAIRS MAIST MAIZE MAJOR MAKAR MAKER MAKES MAKOS MALAR MALES MALIC MALLS MALMS MALMY MALTS MALTY MAMAS MAMBA MAMBO MAMEY MAMIE MAMMA MAMMY MANAS MANED MANES MANGE MANGO MANGY MANIA MANIC MANLY MANNA MANOR MANOS MANSE MANTA MANUS MAPLE MAQUI MARCH MARCS MARES MARGE MARIA MARKS MARLS MARLY MARRY MARSE MARSH MARTS MARVY MASER MASHY MASKS MASON MASSA MASSE MASSY MASTS MATCH MATED MATER MATES MATEY MATHS MATIN MATTE MATTS MATZA MATZO MAUDS MAULS MAUND MAUTS MAUVE MAVEN MAVIE MAVIN MAVIS MAWED MAXES MAXIM MAXIS MAYAN MAYAS MAYBE MAYED MAYOR MAYOS MAYST MAZED MAZER MAZES MBIRA MEADS MEALS MEALY MEANS MEANT MEANY MEATS MEATY MECCA MEDAL MEDIA MEDIC MEDII MEEDS MEETS MEINY MELDS MELEE MELIC MELLS MELON MELTS MEMOS MENAD MENDS MENSA MENSE MENTA MENUS MEOUS MEOWS MERCY MERDE MERER MERES MERGE MERIT MERKS MERLE MERLS MERRY MESAS MESHY MESIC MESNE MESON MESSY METAL METED METER METES METHS METIS METRE METRO MEWED MEWLS MEZES MEZZO MIAOU MIAOW MIASM MIAUL MICAS MICHE MICKS MICRA MICRO MIDDY MIDGE MIDIS MIDST MIENS MIFFS MIFFY MIGGS MIGHT MIKED MIKES MIKRA MILCH MILER MILES MILIA MILKS MILKY MILLE MILLS MILOS MILPA MILTS MILTY MIMED MIMEO MIMER MIMES MIMIC MINAE MINAS MINCE MINCY MINDS MINED MINER MINES MINGY MINIM MINIS MINKE MINKS MINNY MINOR MINTS MINTY MINUS MIRED MIRES MIREX MIRKS MIRKY MIRTH MIRZA MISDO MISER MISES MISOS MISSY MISTS MISTY MITER MITES MITIS MITRE MITTS MIXED MIXER MIXES MIXUP MIZEN MOANS MOATS MOCHA MOCKS MODAL MODEL MODEM MODES MODUS MOGGY MOGUL MOHEL MOHUR MOILS MOIRA MOIRE MOIST MOJOS MOKES MOLAL MOLAR MOLAS MOLDS MOLDY MOLES MOLLS MOLLY MOLTO MOLTS MOMES MOMMA MOMMY MOMUS MONAD MONAS MONDE MONDO MONEY MONGO MONIE MONKS MONOS MONTE MONTH MOOCH MOODS MOODY MOOED MOOLA MOOLS MOONS MOONY MOORS MOORY MOOSE MOOTS MOPED MOPER MOPES MOPEY MORAE MORAL MORAS MORAY MOREL MORES MORNS MORON MORPH MORRO MORSE MORTS MOSEY MOSKS MOSSO MOSSY MOSTE MOSTS MOTEL MOTES MOTET MOTEY MOTHS MOTHY MOTIF MOTOR MOTTE MOTTO MOTTS MOUCH MOUES MOULD MOULT MOUND MOUNT MOURN MOUSE MOUSY MOUTH MOVED MOVER MOVES MOVIE MOWED MOWER MOXAS MOXIE MOZOS MUCID MUCIN MUCKS MUCKY MUCOR MUCRO MUCUS MUDDY MUDRA MUFFS MUFTI MUGGS MUGGY MUHLY MUJIK MULCH MULCT MULED MULES MULEY MULLA MULLS MUMMS MUMMY MUMPS MUMUS MUNCH MUNGO MUNIS MUONS MURAL MURAS MURED MURES MUREX MURID MURKS MURKY MURRA MURRE MURRS MURRY MUSCA MUSED MUSER MUSES MUSHY MUSIC MUSKS MUSKY MUSSY MUSTH MUSTS MUSTY MUTCH MUTED MUTER MUTES MUTON MUTTS MUZZY MYNAH MYNAS MYOID MYOMA MYOPE MYOPY MYRRH MYSID MYTHS MYTHY NAANS NABES NABIS NABOB NACHO NACRE NADAS NADIR NAEVI NAGGY NAIAD NAIFS NAILS NAIRA NAIVE NAKED NALED NAMED NAMER NAMES NANAS NANCE NANCY NANNY NAPES NAPPE NAPPY NARCO NARCS NARDS NARES NARIC NARIS NARKS NARKY NASAL NASTY NATAL NATCH NATES NATTY NAVAL NAVAR NAVEL NAVES NAVVY NAWAB NAZIS NEAPS NEARS NEATH NEATS NECKS NEEDS NEEDY NEEMS NEEPS NEGUS NEIFS NEIGH NEIST NELLY NEMAS NEONS NERDS NERDY NEROL NERTS NERTZ NERVE NERVY NESTS NETOP NETTS NETTY NEUKS NEUME NEUMS NEVER NEVES NEVUS NEWEL NEWER NEWIE NEWLY NEWSY NEWTS NEXUS NGWEE NICAD NICER NICHE NICKS NICOL NIDAL NIDED NIDES NIDUS NIECE NIEVE NIFTY NIGHS NIGHT NIHIL NILLS NIMBI NINES NINJA NINNY NINON NINTH NIPAS NIPPY NISEI NISUS NITER NITES NITID NITON NITRE NITRO NITTY NIVAL NIXED NIXES NIXIE NIZAM NOBBY NOBLE NOBLY NOCKS NODAL NODDY NODES NODUS NOELS NOGGS NOHOW NOILS NOILY NOIRS NOISE NOISY NOLOS NOMAD NOMAS NOMEN NOMES NOMOI NOMOS NONAS NONCE NONES NONET NONYL NOOKS NOOKY NOONS NOOSE NOPAL NORIA NORIS NORMS NORTH NOSED NOSES NOSEY NOTAL NOTCH NOTED NOTER NOTES NOTUM NOUNS NOVAE NOVAS NOVEL NOWAY NOWTS NUBBY NUBIA NUCHA NUDER NUDES NUDGE NUDIE NUDZH NUKED NUKES NULLS NUMBS NUMEN NURDS NURLS NURSE NUTSY NUTTY NYALA NYLON NYMPH OAKEN OAKUM OARED OASES OASIS OASTS OATEN OATER OATHS OAVES OBEAH OBELI OBESE OBEYS OBIAS OBITS OBJET OBOES OBOLE OBOLI OBOLS OCCUR OCEAN OCHER OCHRE OCHRY OCKER OCREA OCTAD OCTAL OCTAN OCTET OCTYL OCULI ODDER ODDLY ODEON ODEUM ODIST ODIUM ODORS ODOUR ODYLE ODYLS OFAYS OFFAL OFFED OFFER OFTEN OFTER OGAMS OGEES OGHAM OGIVE OGLED OGLER OGLES OGRES OHIAS OHING OHMIC OIDIA OILED OILER OINKS OKAPI OKAYS OKEHS OKRAS OLDEN OLDER OLDIE OLEIC OLEIN OLEOS OLEUM OLIOS OLIVE OLLAS OLOGY OMASA OMBER OMBRE OMEGA OMENS OMERS OMITS ONERY ONION ONIUM ONSET ONTIC OOHED OOMPH OORIE OOTID OOZED OOZES OPAHS OPALS OPENS OPERA OPINE OPING OPIUM OPSIN OPTED OPTIC ORACH ORALS ORANG ORATE ORBED ORBIT ORCAS ORCIN ORDER ORDOS OREAD ORGAN ORGIC ORIBI ORIEL ORLES ORLOP ORMER ORNIS ORPIN ORRIS ORTHO ORZOS OSIER OSMIC OSMOL OSSIA OSTIA OTHER OTTAR OTTER OTTOS OUGHT OUNCE OUPHE OUPHS OURIE OUSEL OUSTS OUTBY OUTDO OUTED OUTER OUTGO OUTRE OUZEL OUZOS OVALS OVARY OVATE OVENS OVERS OVERT OVINE OVOID OVOLI OVOLO OVULE OWING OWLET OWNED OWNER OWSEN OXBOW OXEYE OXIDE OXIDS OXIME OXIMS OXLIP OXTER OYERS OZONE PACAS PACED PACER PACES PACHA PACKS PACTS PADDY PADIS PADLE PADRE PADRI PAEAN PAEON PAGAN PAGED PAGER PAGES PAGOD PAIKS PAILS PAINS PAINT PAIRS PAISA PAISE PALEA PALED PALER PALES PALET PALLS PALLY PALMS PALMY PALPI PALPS PALSY PAMPA PANDA PANDY PANED PANEL PANES PANGA PANGS PANIC PANNE PANSY PANTO PANTS PANTY PAPAL PAPAS PAPAW PAPER PAPPI PAPPY PARAS PARCH PARDI PARDS PARDY PARED PAREO PARER PARES PAREU PARGE PARGO PARIS PARKA PARKS PARLE PAROL PARRS PARRY PARSE PARTS PARTY PARVE PARVO PASEO PASES PASHA PASSE PASTA PASTE PASTS PASTY PATCH PATED PATEN PATER PATES PATHS PATIN PATIO PATLY PATSY PATTY PAUSE PAVAN PAVED PAVER PAVES PAVID PAVIN PAVIS PAWED PAWER PAWKY PAWLS PAWNS PAXES PAYED PAYEE PAYER PAYOR PEACE PEACH PEAGE PEAGS PEAKS PEAKY PEALS PEANS PEARL PEARS PEART PEASE PEATS PEATY PEAVY PECAN PECHS PECKS PECKY PEDAL PEDES PEDRO PEEKS PEELS PEENS PEEPS PEERS PEERY PEEVE PEINS PEISE PEKAN PEKES PEKIN PEKOE PELES PELFS PELON PELTS PENAL PENCE PENDS PENES PENGO PENIS PENNA PENNE PENNI PENNY PEONS PEONY PEPLA PEPOS PEPPY PERCH PERDU PERDY PEREA PERIL PERIS PERKS PERKY PERMS PERRY PERSE PESKY PESOS PESTO PESTS PESTY PETAL PETER PETIT PETTI PETTO PETTY PEWEE PEWIT PHAGE PHASE PHIAL PHLOX PHONE PHONO PHONS PHONY PHOTO PHOTS PHPHT PHUTS PHYLA PHYLE PIANO PIANS PIBAL PICAL PICAS PICKS PICKY PICOT PICUL PIECE PIERS PIETA PIETY PIGGY PIGMY PIING PIKAS PIKED PIKER PIKES PIKIS PILAF PILAR PILAU PILAW PILEA PILED PILEI PILES PILIS PILLS PILOT PILUS PIMAS PIMPS PINAS PINCH PINED PINES PINEY PINGO PINGS PINKO PINKS PINKY PINNA PINNY PINON PINOT PINTA PINTO PINTS PINUP PIONS PIOUS PIPAL PIPED PIPER PIPES PIPET PIPIT PIQUE PIRNS PIROG PISCO PISOS PISTE PITAS PITCH PITHS PITHY PITON PIVOT PIXEL PIXES PIXIE PIZZA PLACE PLACK PLAGE PLAID PLAIN PLAIT PLANE PLANK PLANS PLANT PLASH PLASM PLATE PLATS PLATY PLAYA PLAYS PLAZA PLEAD PLEAS PLEAT PLEBE PLEBS PLENA PLEWS PLICA PLIED PLIER PLIES PLINK PLODS PLONK PLOPS PLOTS PLOTZ PLOWS PLOYS PLUCK PLUGS PLUMB PLUME PLUMP PLUMS PLUMY PLUNK PLUSH PLYER POACH POCKS POCKY PODGY PODIA POEMS POESY POETS POGEY POILU POIND POINT POISE POKED POKER POKES POKEY POLAR POLED POLER POLES POLIO POLIS POLKA POLLS POLOS POLYP POLYS POMES POMMY POMPS PONCE PONDS PONES PONGS POOCH POODS POOFS POOFY POOHS POOLS POONS POOPS POORI POOVE POPES POPPA POPPY POPSY PORCH PORED PORES PORGY PORKS PORKY PORNO PORNS PORNY PORTS POSED POSER POSES POSIT POSSE POSTS POTSY POTTO POTTY POUCH POUFF POUFS POULT POUND POURS POUTS POUTY POWER POXED POXES POYOU PRAAM PRAHU PRAMS PRANG PRANK PRAOS PRASE PRATE PRATS PRAUS PRAWN PRAYS PREED PREEN PREES PREPS PRESA PRESE PRESS PREST PREXY PREYS PRICE PRICK PRICY PRIDE PRIED PRIER PRIES PRIGS PRILL PRIMA PRIME PRIMI PRIMO PRIMP PRIMS PRINK PRINT PRION PRIOR PRISE PRISM PRISS PRIVY PRIZE PROAS PROBE PRODS PROEM PROFS PROGS PROLE PROMO PROMS PRONE PRONG PROOF PROPS PROSE PROSO PROSS PROST PROSY PROUD PROVE PROWL PROWS PROXY PRUDE PRUNE PRUTA PRYER PSALM PSEUD PSHAW PSOAE PSOAI PSOAS PSYCH PUBES PUBIC PUBIS PUCES PUCKA PUCKS PUDGY PUDIC PUFFS PUFFY PUGGY PUJAH PUJAS PUKED PUKES PUKKA PULED PULER PULES PULIK PULIS PULLS PULPS PULPY PULSE PUMAS PUMPS PUNAS PUNCH PUNGS PUNKA PUNKS PUNKY PUNNY PUNTO PUNTS PUNTY PUPAE PUPAL PUPAS PUPIL PUPPY PURDA PUREE PURER PURGE PURIN PURIS PURLS PURRS PURSE PURSY PUSES PUSHY PUSSY PUTON PUTTI PUTTO PUTTS PUTTY PYGMY PYINS PYLON PYOID PYRAN PYRES PYRIC PYXES PYXIE PYXIS QAIDS QANAT QOPHS QUACK QUADS QUAFF QUAGS QUAIL QUAIS QUAKE QUAKY QUALE QUALM QUANT QUARE QUARK QUART QUASH QUASI QUASS QUATE QUAYS QUEAN QUEEN QUEER QUELL QUERN QUERY QUEST QUEUE QUEYS QUICK QUIDS QUIET QUIFF QUILL QUILT QUINS QUINT QUIPS QUIPU QUIRE QUIRK QUIRT QUITE QUITS QUODS QUOIN QUOIT QUOTA QUOTE QUOTH QURSH RABAT RABBI RABIC RABID RACED RACER RACES RACKS RACON RADAR RADII RADIO RADIX RADON RAFFS RAFTS RAGAS RAGED RAGEE RAGES RAGGY RAGIS RAIAS RAIDS RAILS RAINS RAINY RAISE RAJAH RAJAS RAJES RAKED RAKEE RAKER RAKES RAKIS RALES RALLY RALPH RAMEE RAMET RAMIE RAMMY RAMPS RAMUS RANCE RANCH RANDS RANDY RANEE RANGE RANGY RANID RANIS RANKS RANTS RAPED RAPER RAPES RAPHE RAPID RARED RARER RARES RASED RASER RASES RASPS RASPY RATAL RATAN RATCH RATED RATEL RATER RATES RATHE RATIO RATOS RATTY RAVED RAVEL RAVEN RAVER RAVES RAVIN RAWER RAWIN RAWLY RAXED RAXES RAYAH RAYAS RAYED RAYON RAZED RAZEE RAZER RAZES RAZOR REACH REACT READD READS READY REALM REALS REAMS REAPS REARM REARS REATA REAVE REBAR REBBE REBEC REBEL REBID REBOP REBUS REBUT REBUY RECAP RECCE RECKS RECON RECTA RECTI RECTO RECUR RECUT REDAN REDDS REDED REDES REDIA REDID REDIP REDLY REDON REDOS REDOX REDRY REDUB REDUX REDYE REEDS REEDY REEFS REEFY REEKS REEKY REELS REEST REEVE REFED REFEL REFER REFIT REFIX REFLY REFRY REGAL REGES REGMA REGNA REHAB REHEM REIFS REIFY REIGN REINK REINS REIVE REKEY RELAX RELAY RELET RELIC RELIT REMAN REMAP REMET REMEX REMIT REMIX RENAL RENDS RENEW RENIG RENIN RENTE RENTS REOIL REPAY REPEG REPEL REPIN REPLY REPOS REPOT REPPS REPRO RERAN RERIG RERUN RESAW RESAY RESEE RESET RESEW RESID RESIN RESOD RESOW RESTS RETAG RETAX RETCH RETEM RETIA RETIE RETRO RETRY REUSE REVEL REVET REVUE REWAN REWAX REWED REWET REWIN REWON REXES RHEAS RHEUM RHINO RHOMB RHUMB RHYME RHYTA RIALS RIANT RIATA RIBBY RIBES RICED RICER RICES RICIN RICKS RIDER RIDES RIDGE RIDGY RIELS RIFER RIFFS RIFLE RIFTS RIGHT RIGID RIGOR RILED RILES RILEY RILLE RILLS RIMED RIMER RIMES RINDS RINGS RINKS RINSE RIOJA RIOTS RIPED RIPEN RIPER RIPES RISEN RISER RISES RISHI RISKS RISKY RISUS RITES RITZY RIVAL RIVED RIVEN RIVER RIVES RIVET RIYAL ROACH ROADS ROAMS ROANS ROARS ROAST ROBED ROBES ROBIN ROBLE ROBOT ROCKS ROCKY RODEO ROGER ROGUE ROILS ROILY ROLES ROLFS ROLLS ROMAN ROMEO ROMPS RONDO ROODS ROOFS ROOKS ROOKY ROOMS ROOMY ROOSE ROOST ROOTS ROOTY ROPED ROPER ROPES ROPEY ROQUE ROSED ROSES ROSET ROSIN ROTAS ROTCH ROTES ROTIS ROTLS ROTOR ROTOS ROTTE ROUEN ROUES ROUGE ROUGH ROUND ROUPS ROUPY ROUSE ROUST ROUTE ROUTH ROUTS ROVED ROVEN ROVER ROVES ROWAN ROWDY ROWED ROWEL ROWEN ROWER ROWTH ROYAL RUANA RUBES RUBLE RUBUS RUCHE RUCKS RUDDS RUDDY RUDER RUERS RUFFE RUFFS RUGAE RUGAL RUGBY RUING RUINS RULED RULER RULES RUMBA RUMEN RUMMY RUMOR RUMPS RUNES RUNGS RUNIC RUNNY RUNTS RUNTY RUPEE RURAL RUSES RUSHY RUSKS RUSTS RUSTY RUTHS RUTIN RUTTY RYKED RYKES RYNDS RYOTS SABED SABER SABES SABIN SABIR SABLE SABOT SABRA SABRE SACKS SACRA SADES SADHE SADHU SADIS SADLY SAFER SAFES SAGAS SAGER SAGES SAGGY SAGOS SAGUM SAHIB SAICE SAIDS SAIGA SAILS SAINS SAINT SAITH SAJOU SAKER SAKES SAKIS SALAD SALAL SALEP SALES SALIC SALLY SALMI SALOL SALON SALPA SALPS SALSA SALTS SALTY SALVE SALVO SAMBA SAMBO SAMEK SAMPS SANDS SANDY SANED SANER SANES SANGA SANGH SANTO SAPID SAPOR SAPPY SARAN SARDS SAREE SARGE SARIN SARIS SARKS SARKY SAROD SAROS SASIN SASSY SATAY SATED SATEM SATES SATIN SATIS SATYR SAUCE SAUCH SAUCY SAUGH SAULS SAULT SAUNA SAURY SAUTE SAVED SAVER SAVES SAVIN SAVOR SAVOY SAVVY SAWED SAWER SAXES SAYER SAYID SAYST SCABS SCADS SCAGS SCALD SCALE SCALL SCALP SCALY SCAMP SCAMS SCANS SCANT SCAPE SCARE SCARF SCARP SCARS SCART SCARY SCATS SCATT SCAUP SCAUR SCENA SCEND SCENE SCENT SCHAV SCHMO SCHUL SCHWA SCION SCOFF SCOLD SCONE SCOOP SCOOT SCOPE SCOPS SCORE SCORN SCOTS SCOUR SCOUT SCOWL SCOWS SCRAG SCRAM SCRAP SCREE SCREW SCRIM SCRIP SCROD SCRUB SCRUM SCUBA SCUDI SCUDO SCUDS SCUFF SCULK SCULL SCULP SCUMS SCUPS SCURF SCUTA SCUTE SCUTS SEALS SEAMS SEAMY SEARS SEATS SEBUM SECCO SECTS SEDAN SEDER SEDGE SEDGY SEDUM SEEDS SEEDY SEEKS SEELS SEELY SEEMS SEEPS SEEPY SEERS SEGNI SEGNO SEGOS SEGUE SEIFS SEINE SEISE SEISM SEIZE SELAH SELFS SELLE SELLS SELVA SEMEN SEMES SEMIS SENDS SENGI SENNA SENOR SENSA SENSE SENTE SENTI SEPAL SEPIA SEPIC SEPOY SEPTA SEPTS SERAC SERAI SERAL SERED SERER SERES SERFS SERGE SERIF SERIN SEROW SERRY SERUM SERVE SERVO SETAE SETAL SETON SETTS SETUP SEVEN SEVER SEWAN SEWAR SEWED SEWER SEXED SEXES SEXTO SEXTS SHACK SHADE SHADS SHADY SHAFT SHAGS SHAHS SHAKE SHAKO SHAKY SHALE SHALL SHALT SHALY SHAME SHAMS SHANK SHAPE SHARD SHARE SHARK SHARN SHARP SHAUL SHAVE SHAWL SHAWM SHAWN SHAWS SHAYS SHEAF SHEAL SHEAR SHEAS SHEDS SHEEN SHEEP SHEER SHEET SHEIK SHELF SHELL SHEND SHENT SHEOL SHERD SHEWN SHEWS SHIED SHIEL SHIER SHIES SHIFT SHILL SHILY SHIMS SHINE SHINS SHINY SHIPS SHIRE SHIRK SHIRR SHIRT SHIST SHITS SHIVA SHIVE SHIVS SHLEP SHOAL SHOAT SHOCK SHOED SHOER SHOES SHOGS SHOJI SHONE SHOOK SHOOL SHOON SHOOS SHOOT SHOPS SHORE SHORL SHORN SHORT SHOTE SHOTS SHOTT SHOUT SHOVE SHOWN SHOWS SHOWY SHOYU SHRED SHREW SHRIS SHRUB SHRUG SHTIK SHUCK SHULN SHULS SHUNS SHUNT SHUSH SHUTE SHUTS SHYER SHYLY SIALS SIBBS SIBYL SICES SICKO SICKS SIDED SIDES SIDLE SIEGE SIEUR SIEVE SIFTS SIGHS SIGHT SIGIL SIGMA SIGNS SIKER SIKES SILDS SILEX SILKS SILKY SILLS SILLY SILOS SILTS SILTY SILVA SIMAR SIMAS SIMPS SINCE SINES SINEW SINGE SINGS SINHS SINKS SINUS SIPED SIPES SIRED SIREE SIREN SIRES SIRRA SIRUP SISAL SISES SISSY SITAR SITED SITES SITUP SITUS SIVER SIXES SIXMO SIXTE SIXTH SIXTY SIZAR SIZED SIZER SIZES SKAGS SKALD SKATE SKATS SKEAN SKEED SKEEN SKEES SKEET SKEGS SKEIN SKELM SKELP SKENE SKEPS SKEWS SKIDS SKIED SKIER SKIES SKIEY SKIFF SKILL SKIMO SKIMP SKIMS SKINK SKINS SKINT SKIPS SKIRL SKIRR SKIRT SKITE SKITS SKIVE SKOAL SKOSH SKUAS SKULK SKULL SKUNK SKYED SKYEY SLABS SLACK SLAGS SLAIN SLAKE SLAMS SLANG SLANK SLANT SLAPS SLASH SLATE SLATS SLATY SLAVE SLAWS SLAYS SLEDS SLEEK SLEEP SLEET SLEPT SLEWS SLICE SLICK SLIDE SLIER SLILY SLIME SLIMS SLIMY SLING SLINK SLIPE SLIPS SLIPT SLITS SLOBS SLOES SLOGS SLOID SLOJD SLOOP SLOPE SLOPS SLOSH SLOTH SLOTS SLOWS SLOYD SLUBS SLUED SLUES SLUFF SLUGS SLUMP SLUMS SLUNG SLUNK SLURB SLURP SLURS SLUSH SLUTS SLYER SLYLY SLYPE SMACK SMALL SMALT SMARM SMART SMASH SMAZE SMEAR SMEEK SMELL SMELT SMERK SMEWS SMILE SMIRK SMITE SMITH SMOCK SMOGS SMOKE SMOKY SMOLT SMOTE SMUTS SNACK SNAFU SNAGS SNAIL SNAKE SNAKY SNAPS SNARE SNARK SNARL SNASH SNATH SNAWS SNEAK SNEAP SNECK SNEDS SNEER SNELL SNIBS SNICK SNIDE SNIFF SNIPE SNIPS SNITS SNOBS SNOGS SNOOD SNOOK SNOOL SNOOP SNOOT SNORE SNORT SNOTS SNOUT SNOWS SNOWY SNUBS SNUCK SNUFF SNUGS SNYES SOAKS SOAPS SOAPY SOARS SOAVE SOBER SOCKO SOCKS SOCLE SODAS SODDY SODIC SODOM SOFAR SOFAS SOFTA SOFTS SOFTY SOGGY SOILS SOJAS SOKES SOKOL SOLAN SOLAR SOLDI SOLDO SOLED SOLEI SOLES SOLID SOLON SOLOS SOLUM SOLUS SOLVE SOMAS SONAR SONDE SONES SONGS SONIC SONLY SONNY SONSY SOOEY SOOKS SOOTH SOOTS SOOTY SOPHS SOPHY SOPOR SOPPY SORAS SORBS SORDS SOREL SORER SORES SORGO SORNS SORRY SORTS SORUS SOTHS SOTOL SOUGH SOUKS SOULS SOUND SOUPS SOUPY SOURS SOUSE SOUTH SOWAR SOWED SOWER SOYAS SOYUZ SOZIN SPACE SPACY SPADE SPADO SPAED SPAES SPAHI SPAIL SPAIT SPAKE SPALE SPALL SPANG SPANK SPANS SPARE SPARK SPARS SPASM SPATE SPATS SPAWN SPAYS SPEAK SPEAN SPEAR SPECK SPECS SPEED SPEEL SPEER SPEIL SPEIR SPELL SPELT SPEND SPENT SPERM SPEWS SPICA SPICE SPICK SPICS SPICY SPIED SPIEL SPIER SPIES SPIFF SPIKE SPIKS SPIKY SPILE SPILL SPILT SPINE SPINS SPINY SPIRE SPIRT SPIRY SPITE SPITS SPITZ SPIVS SPLAT SPLAY SPLIT SPODE SPOIL SPOKE SPOOF SPOOK SPOOL SPOON SPOOR SPORE SPORT SPOTS SPOUT SPRAG SPRAT SPRAY SPREE SPRIG SPRIT SPRUE SPRUG SPUDS SPUED SPUES SPUME SPUMY SPUNK SPURN SPURS SPURT SPUTA SQUAB SQUAD SQUAT SQUAW SQUEG SQUIB SQUID STABS STACK STADE STAFF STAGE STAGS STAGY STAID STAIG STAIN STAIR STAKE STALE STALK STALL STAMP STAND STANE STANG STANK STAPH STARE STARK STARS START STASH STATE STATS STAVE STAYS STEAD STEAK STEAL STEAM STEED STEEK STEEL STEEP STEER STEIN STELA STELE STEMS STENO STEPS STERE STERN STETS STEWS STICH STICK STIED STIES STIFF STILE STILL STILT STIME STIMY STING STINK STINT STIPE STIRK STIRP STIRS STOAE STOAI STOAS STOAT STOBS STOCK STOGY STOIC STOKE STOLE STOMA STOMP STONE STONY STOOD STOOK STOOL STOOP STOPE STOPS STOPT STORE STORK STORM STORY STOSS STOUP STOUR STOUT STOVE STOWP STOWS STRAP STRAW STRAY STREP STREW STRIA STRIP STROP STROW STROY STRUM STRUT STUBS STUCK STUDS STUDY STUFF STULL STUMP STUMS STUNG STUNK STUNS STUNT STUPA STUPE STURT STYED STYES STYLE STYLI STYMY SUAVE SUBAH SUBAS SUBER SUCKS SUCRE SUDDS SUDOR SUDSY SUEDE SUERS SUETS SUETY SUGAR SUGHS SUING SUINT SUITE SUITS SULCI SULFA SULFO SULKS SULKY SULLY SULUS SUMAC SUMMA SUMOS SUMPS SUNNA SUNNS SUNNY SUNUP SUPER SUPES SUPRA SURAH SURAL SURAS SURDS SURER SURFS SURFY SURGE SURGY SURLY SURRA SUSHI SUTRA SUTTA SWABS SWAGE SWAGS SWAIL SWAIN SWALE SWAMI SWAMP SWAMY SWANG SWANK SWANS SWAPS SWARD SWARE SWARF SWARM SWART SWASH SWATH SWATS SWAYS SWEAR SWEAT SWEDE SWEEP SWEER SWEET SWELL SWEPT SWIFT SWIGS SWILL SWIMS SWINE SWING SWINK SWIPE SWIRL SWISH SWISS SWITH SWIVE SWOBS SWOON SWOOP SWOPS SWORD SWORE SWORN SWOTS SWOUN SWUNG SYCEE SYCES SYKES SYLIS SYLPH SYLVA SYNCH SYNCS SYNOD SYNTH SYPHS SYREN SYRUP SYSOP TABBY TABER TABES TABID TABLA TABLE TABOO TABOR TABUN TABUS TACES TACET TACHE TACHS TACIT TACKS TACKY TACOS TACTS TAELS TAFFY TAFIA TAHRS TAIGA TAILS TAINS TAINT TAJES TAKEN TAKER TAKES TAKIN TALAR TALAS TALCS TALER TALES TALKS TALKY TALLY TALON TALUK TALUS TAMAL TAMED TAMER TAMES TAMIS TAMMY TAMPS TANGO TANGS TANGY TANKA TANKS TANSY TANTO TAPAS TAPED TAPER TAPES TAPIR TAPIS TARDO TARDY TARED TARES TARGE TARNS TAROC TAROK TAROS TAROT TARPS TARRE TARRY TARSI TARTS TARTY TASKS TASSE TASTE TASTY TATAR TATER TATES TATTY TAUNT TAUPE TAUTS TAWED TAWER TAWIE TAWNY TAWSE TAXED TAXER TAXES TAXIS TAXON TAXUS TAZZA TAZZE TEACH TEAKS TEALS TEAMS TEARS TEARY TEASE TEATS TECHY TECTA TEDDY TEELS TEEMS TEENS TEENY TEETH TEFFS TEGUA TEIID TEIND TELAE TELES TELEX TELIA TELIC TELLS TELLY TELOI TELOS TEMPI TEMPO TEMPS TEMPT TENCH TENDS TENET TENIA TENON TENOR TENSE TENTH TENTS TENTY TEPAL TEPAS TEPEE TEPID TEPOY TERAI TERCE TERGA TERMS TERNE TERNS TERRA TERRY TERSE TESLA TESTA TESTS TESTY TETHS TETRA TEUCH TEUGH TEWED TEXAS TEXTS THACK THANE THANK THARM THAWS THEBE THECA THEFT THEGN THEIN THEIR THEME THENS THERE THERM THESE THETA THEWS THEWY THICK THIEF THIGH THILL THINE THING THINK THINS THIOL THIRD THIRL THOLE THONG THORN THORO THORP THOSE THOUS THRAW THREE THREW THRIP THROB THROE THROW THRUM THUDS THUGS THUJA THUMB THUMP THUNK THURL THUYA THYME THYMI THYMY TIARA TIBIA TICAL TICKS TIDAL TIDED TIDES TIERS TIFFS TIGER TIGHT TIGON TIKES TIKIS TILAK TILDE TILED TILER TILES TILLS TILTH TILTS TIMED TIMER TIMES TIMID TINCT TINEA TINED TINES TINGE TINGS TINNY TINTS TIPIS TIPPY TIPSY TIRED TIRES TIRLS TIROS TITAN TITER TITHE TITIS TITLE TITRE TITTY TIZZY TOADS TOADY TOAST TODAY TODDY TOFFS TOFFY TOFTS TOFUS TOGAE TOGAS TOGUE TOILE TOILS TOITS TOKAY TOKED TOKEN TOKER TOKES TOLAN TOLAS TOLED TOLES TOLLS TOLUS TOLYL TOMAN TOMBS TOMES TOMMY TONAL TONDI TONDO TONED TONER TONES TONEY TONGA TONGS TONIC TONNE TONUS TOOLS TOONS TOOTH TOOTS TOPAZ TOPED TOPEE TOPER TOPES TOPHE TOPHI TOPHS TOPIC TOPIS TOPOI TOPOS TOQUE TORAH TORAS TORCH TORCS TORES TORIC TORII TOROS TOROT TORSE TORSI TORSK TORSO TORTE TORTS TORUS TOTAL TOTED TOTEM TOTER TOTES TOUCH TOUGH TOURS TOUSE TOUTS TOWED TOWEL TOWER TOWIE TOWNS TOWNY TOXIC TOXIN TOYED TOYER TOYON TOYOS TRACE TRACK TRACT TRADE TRAGI TRAIK TRAIL TRAIN TRAIT TRAMP TRAMS TRANK TRANQ TRANS TRAPS TRAPT TRASH TRASS TRAVE TRAWL TRAYS TREAD TREAT TREED TREEN TREES TREKS TREND TRESS TRETS TREWS TREYS TRIAC TRIAD TRIAL TRIBE TRICE TRICK TRIED TRIER TRIES TRIGO TRIGS TRIKE TRILL TRIMS TRINE TRIOL TRIOS TRIPE TRIPS TRITE TROAK TROCK TRODE TROIS TROKE TROLL TROMP TRONA TRONE TROOP TROOZ TROPE TROTH TROTS TROUT TROVE TROWS TROYS TRUCE TRUCK TRUED TRUER TRUES TRUGS TRULL TRULY TRUMP TRUNK TRUSS TRUST TRUTH TRYMA TRYST TSADE TSADI TSARS TSKED TSUBA TUBAE TUBAL TUBAS TUBBY TUBED TUBER TUBES TUCKS TUFAS TUFFS TUFTS TUFTY TULES TULIP TULLE TUMID TUMMY TUMOR TUMPS TUNAS TUNED TUNER TUNES TUNGS TUNIC TUNNY TUPIK TUQUE TURBO TURDS TURFS TURFY TURKS TURNS TURPS TUSHY TUSKS TUTEE TUTOR TUTTI TUTTY TUTUS TUXES TUYER TWAES TWAIN TWANG TWATS TWEAK TWEED TWEEN TWEET TWERP TWICE TWIER TWIGS TWILL TWINE TWINS TWINY TWIRL TWIRP TWIST TWITS TWIXT TWYER TYEES TYERS TYING TYKES TYNED TYNES TYPAL TYPED TYPES TYPEY TYPIC TYPOS TYPPS TYRED TYRES TYROS TYTHE TZARS UDDER UHLAN UKASE ULAMA ULANS ULCER ULEMA ULNAD ULNAE ULNAR ULNAS ULPAN ULTRA ULVAS UMBEL UMBER UMBOS UMBRA UMIAC UMIAK UMIAQ UMPED UNAIS UNAPT UNARM UNARY UNAUS UNBAN UNBAR UNBID UNBOX UNCAP UNCIA UNCLE UNCOS UNCOY UNCUS UNCUT UNDEE UNDER UNDID UNDUE UNFED UNFIT UNFIX UNGOT UNHAT UNHIP UNIFY UNION UNITE UNITS UNITY UNLAY UNLED UNLET UNLIT UNMAN UNMET UNMEW UNMIX UNPEG UNPEN UNPIN UNRIG UNRIP UNSAY UNSET UNSEW UNSEX UNTIE UNTIL UNWED UNWIT UNWON UNZIP UPBOW UPBYE UPDOS UPDRY UPEND UPLIT UPPED UPPER UPSET URAEI URARE URARI URASE URATE URBAN URBIA UREAL UREAS UREDO UREIC URGED URGER URGES URIAL URINE URSAE USAGE USERS USHER USING USNEA USQUE USUAL USURP USURY UTERI UTILE UTTER UVEAL UVEAS UVULA VACUA VAGAL VAGUE VAGUS VAILS VAIRS VAKIL VALES VALET VALID VALOR VALSE VALUE VALVE VAMPS VANDA VANED VANES VANGS VAPID VAPOR VARAS VARIA VARIX VARNA VARUS VARVE VASAL VASES VASTS VASTY VATIC VATUS VAULT VAUNT VEALS VEALY VEENA VEEPS VEERS VEERY VEGAN VEGIE VEILS VEINS VEINY VELAR VELDS VELDT VELUM VENAE VENAL VENDS VENGE VENIN VENOM VENTS VENUE VERBS VERGE VERSE VERSO VERST VERTS VERTU VERVE VESTA VESTS VETCH VEXED VEXER VEXES VEXIL VIALS VIAND VIBES VICAR VICED VICES VICHY VIDEO VIERS VIEWS VIEWY VIGAS VIGIL VIGOR VILER VILLA VILLI VILLS VIMEN VINAL VINAS VINCA VINED VINES VINIC VINOS VINYL VIOLA VIOLS VIPER VIRAL VIREO VIRES VIRGA VIRID VIRLS VIRTU VIRUS VISAS VISED VISES VISIT VISOR VISTA VITAE VITAL VITTA VIVAS VIVID VIXEN VIZIR VIZOR VOCAL VOCES VODKA VODUN VOGIE VOGUE VOICE VOIDS VOILA VOILE VOLAR VOLED VOLES VOLTA VOLTE VOLTI VOLTS VOLVA VOMER VOMIT VOTED VOTER VOTES VOUCH VOWED VOWEL VOWER VROOM VROUW VROWS VUGGS VUGGY VUGHS VULGO VULVA VYING WACKE WACKO WACKS WACKY WADDY WADED WADER WADES WADIS WAFER WAFFS WAFTS WAGED WAGER WAGES WAGON WAHOO WAIFS WAILS WAINS WAIRS WAIST WAITS WAIVE WAKED WAKEN WAKER WAKES WALED WALER WALES WALKS WALLA WALLS WALLY WALTZ WAMES WAMUS WANDS WANED WANES WANEY WANLY WANTS WARDS WARED WARES WARKS WARMS WARNS WARPS WARTS WARTY WASHY WASPS WASPY WASTE WASTS WATAP WATCH WATER WATTS WAUGH WAUKS WAULS WAVED WAVER WAVES WAVEY WAWLS WAXED WAXEN WAXER WAXES WEALD WEALS WEANS WEARS WEARY WEAVE WEBBY WEBER WECHT WEDEL WEDGE WEDGY WEEDS WEEDY WEEKS WEENS WEENY WEEPS WEEPY WEEST WEETS WEFTS WEIGH WEIRD WEIRS WEKAS WELCH WELDS WELLS WELLY WELSH WELTS WENCH WENDS WENNY WESTS WETLY WHACK WHALE WHAMO WHAMS WHANG WHAPS WHARF WHATS WHAUP WHEAL WHEAT WHEEL WHEEN WHEEP WHELK WHELM WHELP WHENS WHERE WHETS WHEWS WHEYS WHICH WHIDS WHIFF WHIGS WHILE WHIMS WHINE WHINS WHINY WHIPS WHIPT WHIRL WHIRR WHIRS WHISH WHISK WHIST WHITE WHITS WHITY WHIZZ WHOLE WHOMP WHOOF WHOOP WHOPS WHORE WHORL WHORT WHOSE WHOSO WHUMP WICKS WIDDY WIDEN WIDER WIDES WIDOW WIDTH WIELD WIFED WIFES WIFTY WIGAN WIGGY WIGHT WILCO WILDS WILED WILES WILLS WILLY WILTS WIMPS WIMPY WINCE WINCH WINDS WINDY WINED WINES WINEY WINGS WINGY WINKS WINOS WINZE WIPED WIPER WIPES WIRED WIRER WIRES WIRRA WISED WISER WISES WISHA WISPS WISPY WISTS WITAN WITCH WITED WITES WITHE WITHY WITTY WIVED WIVER WIVES WIZEN WIZES WOADS WOALD WODGE WOFUL WOKEN WOLDS WOLFS WOMAN WOMBS WOMBY WOMEN WONKS WONKY WONTS WOODS WOODY WOOED WOOER WOOFS WOOLS WOOLY WOOPS WOOSH WOOZY WORDS WORDY WORKS WORLD WORMS WORMY WORRY WORSE WORST WORTH WORTS WOULD WOUND WOVEN WOWED WRACK WRANG WRAPS WRAPT WRATH WREAK WRECK WRENS WREST WRICK WRIED WRIER WRIES WRING WRIST WRITE WRITS WRONG WROTE WROTH WRUNG WRYER WRYLY WURST WUSSY WYLED WYLES WYNDS WYNNS WYTED WYTES XEBEC XENIA XENIC XENON XERIC XEROX XERUS XYLAN XYLEM XYLOL XYLYL XYSTI XYSTS YACHT YACKS YAFFS YAGER YAGIS YAHOO YAIRD YAMEN YAMUN YANGS YANKS YAPOK YAPON YARDS YARER YARNS YAUDS YAULD YAUPS YAWED YAWLS YAWNS YAWPS YEANS YEARN YEARS YEAST YECCH YECHS YECHY YEGGS YELKS YELLS YELPS YENTA YENTE YERBA YERKS YESES YETIS YETTS YEUKS YEUKY YIELD YIKES YILLS YINCE YIPES YIRDS YIRRS YIRTH YLEMS YOBBO YOCKS YODEL YODHS YODLE YOGAS YOGEE YOGHS YOGIC YOGIN YOGIS YOKED YOKEL YOKES YOLKS YOLKY YOMIM YONIC YONIS YORES YOUNG YOURN YOURS YOUSE YOUTH YOWED YOWES YOWIE YOWLS YUANS YUCAS YUCCA YUCCH YUCKS YUCKY YUGAS YULAN YULES YUMMY YUPON YURTA YURTS ZAIRE ZAMIA ZANZA ZAPPY ZARFS ZAXES ZAYIN ZAZEN ZEALS ZEBEC ZEBRA ZEBUS ZEINS ZERKS ZEROS ZESTS ZESTY ZETAS ZIBET ZILCH ZILLS ZINCS ZINCY ZINEB ZINGS ZINGY ZINKY ZIPPY ZIRAM ZITIS ZIZIT ZLOTE ZLOTY ZOEAE ZOEAL ZOEAS ZOMBI ZONAL ZONED ZONER ZONES ZONKS ZOOID ZOOKS ZOOMS ZOONS ZOOTY ZORIL ZORIS ZOWIE ZYMES